arquivo,n_itens,W,valor_otimo,valor_algoritmo,n_nos,n_fila,tempo_seg,memoria_kb,memoria_pico_kb,status
knapPI_14_200_1000_1.csv,200,997,5397,5397,5906,2942,0.368709,2.64,497.33,OK
knapPI_1_100_1000_1.csv,100,995,9147,9147,656,270,0.050115,2.64,48.07,OK
knapPI_1_200_1000_1.csv,200,1008,11238,11238,1920,731,0.134735,2.54,126.38,OK
knapPI_1_500_1000_1.csv,500,2543,28857,19839,27060303,13530152,1800.03583,2.93,2524397.27,TIMEOUT
knapPI_2_100_1000_1.csv,100,995,1514,1514,704,66,0.068795,0.34,11.44,OK
knapPI_2_200_1000_1.csv,200,1008,1634,1634,1662,223,0.116098,2.26,41.72,OK
knapPI_2_500_1000_1.csv,500,2543,4566,4566,176620,87736,11.287376,2.72,16280.14,OK
knapPI_3_100_1000_1.csv,100,997,2397,2397,1147,249,0.095508,1.63,41.11,OK
knapPI_3_200_1000_1.csv,200,997,2697,2697,113316,1754,8.114905,2.68,315.98,OK
