arquivo,n_itens,W,valor_otimo,valor_algoritmo,n_nos,n_fila,tempo_seg,memoria_kb,memoria_pico_kb,status
f10_l-d_kp_20_879.csv,20,879,1025,1025,7081,3164,0.489303,2.71,534.38,OK
f1_l-d_kp_10_269.csv,10,269,295,295,36,12,0.001702,0.33,1.77,OK
f2_l-d_kp_20_878.csv,20,878,1024,1024,7080,3163,0.430516,2.61,531.94,OK
f3_l-d_kp_4_20.csv,4,20,35,35,9,5,0.000545,0.28,0.89,OK
f4_l-d_kp_4_11.csv,4,11,23,23,12,5,0.000682,0.27,0.89,OK
f6_l-d_kp_10_60.csv,10,60,52,52,230,65,0.016855,0.27,7.14,OK
f7_l-d_kp_7_50.csv,7,50,107,107,8,3,0.000412,0.26,0.74,OK
f8_l-d_kp_23_10000.csv,23,10000,9767,9767,4870132,1580650,429.314983,2.88,297237.83,OK
f9_l-d_kp_5_80.csv,5,80,130,130,15,7,0.000568,0.23,1.14,OK
