arquivo,n_itens,W,valor_otimo,valor_algoritmo,tempo_seg,memoria_kb,memoria_pico_kb,status
f10_l-d_kp_20_879.csv,20,879,1025,1019,0.000688,0.73,0.96,OK
f1_l-d_kp_10_269.csv,10,269,295,290,0.000149,0.33,0.5,OK
f2_l-d_kp_20_878.csv,20,878,1024,1018,0.000575,0.41,0.64,OK
f3_l-d_kp_4_20.csv,4,20,35,35,0.000142,0.28,0.5,OK
f4_l-d_kp_4_11.csv,4,11,23,16,0.000158,0.27,0.5,OK
f6_l-d_kp_10_60.csv,10,60,52,52,0.000169,0.27,0.5,OK
f7_l-d_kp_7_50.csv,7,50,107,90,0.000112,0.26,0.5,OK
f8_l-d_kp_23_10000.csv,23,10000,9767,9266,0.000544,0.34,0.6,OK
f9_l-d_kp_5_80.csv,5,80,130,130,0.000216,0.23,0.5,OK
