arquivo,n_itens,W,valor_otimo,valor_algoritmo,n_nos,n_fila,tempo_seg,memoria_kb,memoria_pico_kb,status
f10_l-d_kp_20_879.csv,20,879,1025,1025,52,19,0.016945,0.78,5.19,OK
f1_l-d_kp_10_269.csv,10,269,295,295,28,8,0.003747,0.33,1.39,OK
f2_l-d_kp_20_878.csv,20,878,1024,1024,52,19,0.008471,0.41,3.5,OK
f3_l-d_kp_4_20.csv,4,20,35,35,7,4,0.000306,0.28,0.77,OK
f4_l-d_kp_4_11.csv,4,11,23,23,11,4,0.000961,0.27,0.77,OK
f6_l-d_kp_10_60.csv,10,60,52,52,169,23,0.010368,0.36,2.89,OK
f7_l-d_kp_7_50.csv,7,50,107,107,8,3,0.000412,0.26,0.74,OK
f8_l-d_kp_23_10000.csv,23,10000,9767,9767,2921028,741608,362.071811,2.88,139052.45,OK
f9_l-d_kp_5_80.csv,5,80,130,130,7,3,0.000467,0.23,0.73,OK
